{
  "training_config": {
    "sequence_length": 60,
    "prediction_horizon": 1,
    "epochs_requested": 100,
    "epochs_actual": 100,
    "batch_size": 16,
    "patience": 15
  },
  "metrics": {
    "train": {
      "mse": 0.0005861858504916882,
      "mae": 0.01826573464218191,
      "r2": 0.9778673087935953
    },
    "test": {
      "mse": 0.0026256183181765595,
      "mae": 0.041543740310763806,
      "r2": 0.910449621220121
    }
  },
  "model_info": {
    "input_shape": [
      60,
      7
    ],
    "features": [
      "Open",
      "High",
      "Low",
      "Volume",
      "MA_7",
      "MA_30",
      "RSI"
    ],
    "target": "Price"
  }
}