{
  "training_config": {
    "sequence_length": 60,
    "prediction_horizon": 1,
    "epochs_requested": 100,
    "epochs_actual": 100,
    "batch_size": 16,
    "patience": 30
  },
  "metrics": {
    "train": {
      "mse": 0.0006337623111419047,
      "mae": 0.01925363152239464,
      "r2": 0.9760709585210978
    },
    "test": {
      "mse": 0.004072495556208924,
      "mae": 0.05276236156698826,
      "r2": 0.8611018528042736
    }
  },
  "model_info": {
    "input_shape": [
      60,
      7
    ],
    "features": [
      "Open",
      "High",
      "Low",
      "Volume",
      "MA_7",
      "MA_30",
      "RSI"
    ],
    "target": "Price"
  }
}