{
  "training_config": {
    "sequence_length": 60,
    "prediction_horizon": 1,
    "epochs_requested": 30,
    "epochs_actual": 30,
    "batch_size": 16,
    "patience": 30
  },
  "metrics": {
    "train": {
      "mse": 0.001458046477065885,
      "mae": 0.028005928011819392,
      "r2": 0.9449483599537293
    },
    "test": {
      "mse": 0.017414132094314354,
      "mae": 0.11457534767619584,
      "r2": 0.4060667103161816
    }
  },
  "model_info": {
    "input_shape": [
      60,
      7
    ],
    "features": [
      "Open",
      "High",
      "Low",
      "Volume",
      "MA_7",
      "MA_30",
      "RSI"
    ],
    "target": "Price"
  }
}