{
  "training_config": {
    "sequence_length": 60,
    "prediction_horizon": 1,
    "epochs_requested": 100,
    "epochs_actual": 100,
    "batch_size": 16,
    "patience": 15
  },
  "metrics": {
    "train": {
      "mse": 0.000447926359021873,
      "mae": 0.015442047854307379,
      "rmse": 0.02116427081242992,
      "r2": 0.9830875894067987
    },
    "test": {
      "mse": 0.0029137015037054323,
      "mae": 0.04462856061248134,
      "rmse": 0.05397871343136507,
      "r2": 0.9006241419394383
    }
  },
  "model_info": {
    "input_shape": [
      60,
      7
    ],
    "features": [
      "Open",
      "High",
      "Low",
      "Volume",
      "MA_7",
      "MA_30",
      "RSI"
    ],
    "target": "Price"
  }
}