{
  "training_config": {
    "sequence_length": 60,
    "prediction_horizon": 1,
    "epochs_requested": 100,
    "epochs_actual": 100,
    "batch_size": 16,
    "patience": 15
  },
  "metrics": {
    "train": {
      "mse": 0.0006983969953754525,
      "mae": 0.022564638236376833,
      "r2": 0.9736305388041008
    },
    "test": {
      "mse": 0.002982594849859036,
      "mae": 0.04529277534311156,
      "r2": 0.8982744381760394
    }
  },
  "model_info": {
    "input_shape": [
      60,
      7
    ],
    "features": [
      "Open",
      "High",
      "Low",
      "Volume",
      "MA_7",
      "MA_30",
      "RSI"
    ],
    "target": "Price"
  }
}