{
  "training_config": {
    "sequence_length": 60,
    "prediction_horizon": 1,
    "epochs_requested": 30,
    "epochs_actual": 30,
    "batch_size": 16,
    "patience": 30
  },
  "metrics": {
    "train": {
      "mse": 0.0016761329100848795,
      "mae": 0.0321943336266397,
      "r2": 0.9367140436967488
    },
    "test": {
      "mse": 0.017600714875801022,
      "mae": 0.11273485558888142,
      "r2": 0.39970304403602763
    }
  },
  "model_info": {
    "input_shape": [
      60,
      7
    ],
    "features": [
      "Open",
      "High",
      "Low",
      "Volume",
      "MA_7",
      "MA_30",
      "RSI"
    ],
    "target": "Price"
  }
}