{
  "test_metrics": {
    "mse": 0.007231444854376984,
    "mae": 0.07164591874778409,
    "rmse": 0.08503790245753351,
    "r2": 0.7533614762845664
  },
  "train_metrics": {
    "mse": 0.0015611532576620454,
    "mae": 0.028558158222687164,
    "rmse": 0.039511431986983786,
    "r2": 0.9410553445656793
  },
  "quality_assessment": {
    "overall": "Very Good",
    "r2_quality": "Good",
    "mae_quality": "Good",
    "overall_score": 0.7564889941070277
  },
  "model_params": {
    "sequence_length": 60,
    "prediction_horizon": 1,
    "epochs_requested": 100,
    "epochs_actual": 100,
    "batch_size": 32,
    "model_type": "Stabilized Transformer",
    "stabilization_features": [
      "BatchNormalization",
      "Reduced dropout rates",
      "Gradient clipping",
      "Conservative learning rate",
      "Reduced model complexity"
    ]
  }
}